venue,papers
IEEE Access,10616
Sensors,4605
Neurocomputing,4420
Neural Comput. Appl.,3336
Expert Syst. Appl.,3191
Remote. Sens.,2950
Multim. Tools Appl.,2540
Neural Networks,2256
Eng. Appl. Artif. Intell.,2109
IEEE Trans. Neural Networks Learn. Syst.,1609
Comput. Biol. Medicine,1490
Appl. Soft Comput.,1473
Biomed. Signal Process. Control.,1400
IEEE Trans. Geosci. Remote. Sens.,1168
Comput. Electron. Agric.,1133
J. Intell. Fuzzy Syst.,1068
Neural Process. Lett.,1055
IEEE Trans. Neural Networks,1031
SN Comput. Sci.,972
Knowl. Based Syst.,951
Inf. Sci.,900
J. Chem. Inf. Model.,888
Soft Comput.,825
Comput. Methods Programs Biomed.,783
IEEE Trans. Instrum. Meas.,783
Appl. Intell.,779
J. Supercomput.,717
BMC Medical Informatics Decis. Mak.,699
Inf.,699
IEEE J. Sel. Top. Appl. Earth Obs. Remote. Sens.,692
PeerJ Comput. Sci.,680
Bioinform.,679
IEEE Internet Things J.,673
BMC Bioinform.,665
IEEE Trans. Ind. Informatics,663
Briefings Bioinform.,656
Comput. Electr. Eng.,648
Symmetry,630
IEEE J. Biomed. Health Informatics,629
Complex.,602
Concurr. Comput. Pract. Exp.,587
Artif. Intell. Rev.,584
Future Gener. Comput. Syst.,583
Entropy,559
IEEE Trans. Intell. Transp. Syst.,557
Ecol. Informatics,556
Frontiers Artif. Intell.,531
Clust. Comput.,529
Algorithms,523
IEEE Geosci. Remote. Sens. Lett.,517
Appl. Math. Comput.,502
Artif. Intell. Medicine,501
Pattern Recognit.,495
npj Digit. Medicine,494
J. Big Data,476
Pattern Recognit. Lett.,476
Earth Sci. Informatics,471
Wirel. Pers. Commun.,469
Mach. Learn. Sci. Technol.,467
Neural Comput.,456
Comput.,451
Int. J. Neural Syst.,451
Signal Image Video Process.,445
Int. J. Medical Informatics,442
PLoS Comput. Biol.,438
Expert Syst. J. Knowl. Eng.,435
J. Ambient Intell. Humaniz. Comput.,423
J. Frankl. Inst.,420
Intell. Autom. Soft Comput.,416
J. Intell. Manuf.,415
Adv. Eng. Informatics,408
Int. J. Appl. Earth Obs. Geoinformation,408
ISPRS Int. J. Geo Inf.,395
Int. J. Pattern Recognit. Artif. Intell.,387
IEEE Trans. Ind. Electron.,385
Informatica (Slovenia),382
IEEE Trans. Veh. Technol.,372
J. Comput. Phys.,372
AI Soc.,370
Int. J. Comput. Intell. Syst.,349
IEEE Trans. Cybern.,345
Appl. Artif. Intell.,342
Comput. Intell. Neurosci.,340
Big Data Cogn. Comput.,336
IEEE Trans. Pattern Anal. Mach. Intell.,327
Int. J. Imaging Syst. Technol.,321
J. Medical Syst.,321
J. Circuits Syst. Comput.,321
J. Imaging,319
Scalable Comput. Pract. Exp.,319
Comput. Chem. Eng.,314
Medical Image Anal.,314
IEEE Trans. Medical Imaging,312
ACM Comput. Surv.,310
Reliab. Eng. Syst. Saf.,310
Comput. Ind. Eng.,307
NeuroImage,307
IEEE Trans. Fuzzy Syst.,304
J. Comput. Methods Sci. Eng.,304
BMC Medical Imaging,302
Future Internet,301
Comput. Syst. Sci. Eng.,300
Environ. Model. Softw.,299
IEEE Trans. Syst. Man Cybern. Syst.,297
Discov. Artif. Intell.,295
IEEE Trans. Comput. Aided Des. Integr. Circuits Syst.,295
AI Mag.,290
Adv. Intell. Syst.,287
J. Biomed. Informatics,287
Int. J. Mach. Learn. Cybern.,286
J. Am. Medical Informatics Assoc.,286
IEEE Trans. Circuits Syst. I Regul. Pap.,285
Comput. Geosci.,284
IEEE Trans. Knowl. Data Eng.,284
Inf. Fusion,284
Trans. Mach. Learn. Res.,281
Ann. Oper. Res.,278
Medical Biol. Eng. Comput.,276
J. Electronic Imaging,274
Sci. Program.,272
Educ. Inf. Technol.,270
Frontiers Comput. Neurosci.,260
J. Digit. Imaging,255
IEEE Trans. Circuits Syst. II Express Briefs,252
计算机科学,252
IEEE Trans. Wirel. Commun.,247
IEEE Trans. Biomed. Eng.,244
Computer,243
Comput. Secur.,240
Commun. Nonlinear Sci. Numer. Simul.,240
J. King Saud Univ. Comput. Inf. Sci.,238
IET Image Process.,235
IEEE Commun. Lett.,233
Int. J. Intell. Syst.,232
IEEE ACM Trans. Comput. Biol. Bioinform.,231
IEEE Wirel. Commun. Lett.,230
IEICE Trans. Inf. Syst.,228
Int. J. Online Biomed. Eng.,221
Comput. Networks,220
Mach. Learn.,220
Comput. Aided Civ. Infrastructure Eng.,219
Int. J. Comput. Assist. Radiol. Surg.,217
Knowl. Inf. Syst.,217
Cogn. Comput.,214
J. Mach. Learn. Res.,210
Adv. Eng. Softw.,209
Comput. Biol. Chem.,209
Int. J. Syst. Sci.,209
Inf. Process. Manag.,207
J. Adv. Comput. Intell. Intell. Informatics,207
Circuits Syst. Signal Process.,206
Mach. Learn. Knowl. Extr.,205
IEEE Trans. Image Process.,204
Proc. VLDB Endow.,204
IEEE Trans. Syst. Man Cybern. Part B,203
Image Vis. Comput.,200
Int. J. Commun. Syst.,198
Decis. Support Syst.,196
IEEE Trans. Computers,196
IEEE Robotics Autom. Lett.,194
Int. J. Bifurc. Chaos,194
Fuzzy Sets Syst.,192
IEEE ACM Trans. Audio Speech Lang. Process.,191
Internet Things,191
IEEE Trans. Artif. Intell.,190
Mob. Inf. Syst.,189
Comput. Commun.,188
IEEE Trans. Consumer Electron.,188
Int. J. Emerg. Technol. Learn.,188
Wirel. Commun. Mob. Comput.,188
J. Cheminformatics,187
KSII Trans. Internet Inf. Syst.,187
Big Data,183
J. Medical Imaging Health Informatics,182
Comput. Intell.,178
J. Imaging Inform. Medicine,177
Math. Comput. Simul.,177
Evol. Intell.,176
Int. J. Artif. Intell. Tools,176
IEEE Signal Process. Lett.,176
Microprocess. Microsystems,174
Vis. Comput.,174
Big Data Soc.,173
J. Comput. Sci.,173
Commun. ACM,172
Eur. J. Oper. Res.,172
Intell. Decis. Technol.,172
Sci. China Inf. Sci.,172
Nat. Mach. Intell.,172
IEEE Commun. Mag.,171
J. Vis. Commun. Image Represent.,170
IEEE Trans. Signal Process.,169
Mob. Networks Appl.,169
Comput. Medical Imaging Graph.,168
IEEE Trans. Circuits Syst. Video Technol.,168
Int. Arab J. Inf. Technol.,168
Int. J. Data Sci. Anal.,168
IEEE Trans. Parallel Distributed Syst.,167
J. Comput. Sci. Coll.,167
AI Ethics,165
Comput. J.,165
IEEE Trans. Inf. Forensics Secur.,165
IEEE Trans. Big Data,165
IEEE Netw.,164
IEEE Trans Autom. Sci. Eng.,163
Int. J. Inf. Commun. Technol.,163
Int. J. Syst. Assur. Eng. Manag.,160
Intell. Syst. Appl.,160
Patterns,160
IEEE Trans. Netw. Sci. Eng.,159
Int. J. Interact. Mob. Technol.,159
Int. J. Comput. Appl. Technol.,156
IEEE Trans. Emerg. Top. Comput. Intell.,155
J. Intell. Syst.,155
Trans. Emerg. Telecommun. Technol.,155
Syst.,155
Biol. Cybern.,154
Frontiers Neuroinformatics,154
Frontiers Neurorobotics,154
Frontiers Digit. Health,153
IEEE Trans. Netw. Serv. Manag.,153
IEEE Trans. Cogn. Commun. Netw.,153
Eng. Comput.,152
Digit. Signal Process.,151
IEEE Signal Process. Mag.,151
Int. J. Prod. Res.,150
IEEE Trans. Commun.,149
Complex Intell. Syst.,148
Wirel. Networks,148
Artif. Life Robotics,147
IEEE J. Sel. Areas Commun.,147
Frontiers Big Data,146
J. Sensors,145
J. Exp. Theor. Artif. Intell.,144
Autom. Control. Comput. Sci.,143
J. Comput. Appl. Math.,143
IEEE Trans. Comput. Soc. Syst.,142
IEEE Trans. Smart Grid,142
Autom.,139
IEEE Trans. Multim.,139
IEEE Trans. Aerosp. Electron. Syst.,138
IEEE Trans. Engineering Management,138
Turkish J. Electr. Eng. Comput. Sci.,138
SIGKDD Explor.,138
Robotica,136
Comput. Math. Appl.,135
Signal Process.,135
Multim. Syst.,135
Array,134
J. Parallel Distributed Comput.,134
Int. J. Circuit Theory Appl.,133
Int. J. Interact. Multim. Artif. Intell.,133
Artif. Intell.,132
Intell. Data Anal.,132
J. Intell. Robotic Syst.,132
IEEE Trans. Very Large Scale Integr. Syst.,131
J. Netw. Comput. Appl.,131
Secur. Commun. Networks,131
J. Chem. Inf. Comput. Sci.,130
Trans. Inst. Meas. Control,130
Comput. Hum. Behav.,127
Syst. Comput. Jpn.,127
Comput. Oper. Res.,125
Big Data Res.,125
Int. J. Inf. Manag.,125
IEICE Trans. Fundam. Electron. Commun. Comput. Sci.,124
Int. J. Comput. Intell. Appl.,124
J. Open Source Softw.,123
Proc. IEEE,122
Nat. Comput. Sci.,122
Frontiers Comput. Sci.,121
WIREs Data Mining Knowl. Discov.,121
J. Comput. Civ. Eng.,120
J. Signal Process. Syst.,120
Sustain. Comput. Informatics Syst.,120
IEEE Trans. Dependable Secur. Comput.,119
Appl. Comput. Intell. Soft Comput.,118
BioData Min.,118
Nat. Mac. Intell.,118
Comput. Educ. Artif. Intell.,117
IEEE Trans. Mob. Comput.,116
ICT Express,116
Int. J. Speech Technol.,116
Comput. methods Biomech. Biomed. Eng. Imaging Vis.,115
Evol. Syst.,115
Computing,115
Scientometrics,115
Int. J. Digit. Earth,114
Int. J. Hum. Comput. Interact.,114
J. Syst. Archit.,114
J. Real Time Image Process.,114
Soc. Netw. Anal. Min.,114
Axioms,113
IEEE Open J. Commun. Soc.,113
Netw. Model. Anal. Health Informatics Bioinform.,113
J. Syst. Softw.,112
Comput. Ind.,111
EURASIP J. Wirel. Commun. Netw.,111
Int. J. Distributed Sens. Networks,111
IEEE Wirel. Commun.,111
Phys. Commun.,111
J. Comput.,110
Int. J. Image Graph.,110
Mach. Vis. Appl.,110
Int. J. Geogr. Inf. Sci.,109
SoftwareX,109
Entertain. Comput.,108
Comput. Math. Methods Medicine,108
Connect. Sci.,108
Cybern. Syst.,108
IEEE J. Solid State Circuits,108
Informatics,108
IEEE Intell. Syst.,108
ACM Trans. Asian Low Resour. Lang. Inf. Process.,107
Comput. Phys. Commun.,107
Inf. Softw. Technol.,107
IT Prof.,107
IEEE Trans. Vis. Comput. Graph.,106
J. Comput. Sci. Technol.,106
Künstliche Intell.,106
IEEE J. Sel. Top. Signal Process.,105
Inf. Syst. Frontiers,105
Int. J. Perform. Eng.,105
Robotics Auton. Syst.,105
Comput. Environ. Urban Syst.,104
IEEE J. Emerg. Sel. Topics Circuits Syst.,104
Int. J. Comput. Commun. Control,104
Health Inf. Sci. Syst.,102
IEEE Syst. J.,102
Signal Process. Image Commun.,102
Neural Parallel Sci. Comput.,102
Quantum Mach. Intell.,101
EURASIP J. Adv. Signal Process.,99
CAAI Trans. Intell. Technol.,99
IEEE Trans. Cogn. Dev. Syst.,99
J. Comput. Inf. Sci. Eng.,99
Int. J. Fuzzy Log. Intell. Syst.,99
Discov. Comput.,98
IEEE Trans. Emerg. Top. Comput.,98
Int. J. Comput. Math.,98
J. Wirel. Mob. Networks Ubiquitous Comput. Dependable Appl.,98
EAI Endorsed Trans. Pervasive Health Technol.,97
Res. Comput. Sci.,97
Ad Hoc Networks,96
Int. J. Bus. Intell. Data Min.,96
Frontiers Robotics AI,95
Int. J. Inf. Manag. Data Insights,95
ACM Trans. Embed. Comput. Syst.,94
J. Electr. Comput. Eng.,94
IET Commun.,93
J. Inf. Secur. Appl.,93
J. Comput. Aided Mol. Des.,93
J. Comput. Chem.,93
Iran J. Comput. Sci.,93
Internet Technol. Lett.,93
Pattern Anal. Appl.,93
Astron. Comput.,92
Health Informatics J.,92
Int. J. Comput.,92
IEEE Commun. Surv. Tutorials,92
Int. J. Inf. Technol. Syst. Approach,92
J. Inf. Sci. Eng.,92
Empir. Softw. Eng.,91
Data Min. Knowl. Discov.,90
Traitement du Signal,90
Simul. Model. Pract. Theory,90
Int. J. Model. Identif. Control.,89
J. Univers. Comput. Sci.,89
Knowl. Eng. Rev.,88
IEEE Micro,87
SIAM J. Sci. Comput.,87
Data,86
Comput. Sci. Inf. Syst.,86
ACM Trans. Softw. Eng. Methodol.,86
Int. J. Comput. Sci. Eng.,86
J. Comput. Des. Eng.,86
IEEE Trans. Serv. Comput.,85
ACM J. Emerg. Technol. Comput. Syst.,84
ACM Trans. Multim. Comput. Commun. Appl.,84
J. Inf. Knowl. Manag.,84
J. Organ. End User Comput.,84
Cogn. Syst. Res.,83
J. Inf. Process. Syst.,83
Interact. Learn. Environ.,83
Int. J. Model. Simul. Sci. Comput.,83
Minds Mach.,82
Kybernetes,82
Computación y Sistemas,81
Trans. GIS,81
ACM Trans. Intell. Syst. Technol.,80
ACM Trans. Knowl. Discov. Data,80
IEEE Trans. Reliab.,80
Int. J. Comb. Optim. Probl. Informatics,80
J. Cloud Comput.,80
Int. J. Fuzzy Syst.,80
Integr.,80
Pers. Ubiquitous Comput.,80
Adv. Artif. Intell. Mach. Learn.,79
Comput. Sci. Rev.,79
Int. J. Comput. Integr. Manuf.,79
J. Intell. Inf. Syst.,79
Intell. Syst. Account. Finance Manag.,79
Rev. d'Intelligence Artif.,79
EAI Endorsed Trans. Scalable Inf. Syst.,78
Data Knowl. Eng.,78
Int. J. Wirel. Mob. Comput.,77
Int. J. Medical Eng. Informatics,77
Artif. Intell. Eng. Des. Anal. Manuf.,76
Frontiers Inf. Technol. Electron. Eng.,76
J. Grid Comput.,76
Int. J. Uncertain. Fuzziness Knowl. Based Syst.,76
Softw. Pract. Exp.,76
Comput. Speech Lang.,75
Int. J. Comput. Vis.,75
IEEE CAA J. Autom. Sinica,75
J. Appl. Math.,75
Comput. Vis. Image Underst.,74
J. Glob. Inf. Manag.,74
IEEE Trans. Control. Syst. Technol.,73
IEEE Trans. Software Eng.,73
Inf. Technol. Control.,73
Int. J. Inf. Sec.,73
J. Ind. Inf. Integr.,73
Microelectron. J.,73
Math. Comput. Model.,73
Enterp. Inf. Syst.,72
Inf. Manag.,72
Int. J. Approx. Reason.,72
Int. J. Reason. based Intell. Syst.,72
ACM Trans. Design Autom. Electr. Syst.,71
AI Commun.,71
J. Enterp. Inf. Manag.,71
Big Data Min. Anal.,70
Speech Commun.,70
Quantum Inf. Process.,70
Comput. Appl. Math.,69
IEEE Trans. Autom. Control.,69
Int. J. Softw. Eng. Knowl. Eng.,69
Int. J. Inf. Technol. Decis. Mak.,69
J. Robotics Mechatronics,69
Computación y Sistemas (CyS),68
Ind. Manag. Data Syst.,68
IEEE Comput. Intell. Mag.,68
Int. J. Data Min. Bioinform.,68
Inteligencia Artif.,68
J. Sci. Comput.,68
Qual. Reliab. Eng. Int.,68
Displays,67
IEEE Trans. Comput. Biol. Bioinform.,67
J. Syst. Control. Eng.,67
IEEE Trans. Syst. Man Cybern.,66
IEEE Control. Syst. Lett.,66
Int. J. Autom. Comput.,66
J. Comput. Soc. Sci.,66
Neuroinformatics,66
Peer Peer Netw. Appl.,66
Digit. Commun. Networks,64
Comput. Informatics,64
IEEE Trans. Cloud Comput.,64
Int. J. Bioinform. Res. Appl.,64
J. Artif. Intell. Res.,64
IEEE Des. Test,63
Gov. Inf. Q.,63
Neuromorph. Comput. Eng.,63
Brain Informatics,62
Energy Inform.,62
Frontiers Bioinform.,62
IEEE Trans. Biomed. Circuits Syst.,62
Int. J. Appl. Math. Comput. Sci.,61
Int. J. e Collab.,61
Int. J. Bus. Inf. Syst.,60
IEEE Internet Things Mag.,60
Int. J. Cogn. Informatics Nat. Intell.,60
Int. J. Intell. Syst. Technol. Appl.,60
Int. J. Hybrid Intell. Syst.,60
Int. J. Knowl. Based Intell. Eng. Syst.,60
J. Netw. Syst. Manag.,60
Int. J. Comput. Vis. Robotics,59
Int. J. Grid Util. Comput.,59
Int. J. Wavelets Multiresolution Inf. Process.,59
Int. J. Intell. Comput. Cybern.,59
J. Comput. Biol.,59
J. Softw.,59
Comput. Graph.,58
IEICE Electron. Express,58
Int. J. Data Anal. Tech. Strateg.,58
Int. J. Web Based Learn. Teach. Technol.,58
J. Oper. Res. Soc.,58
Nat.,58
Bus. Process. Manag. J.,57
Comput. Appl. Eng. Educ.,57
Int. J. Adv. Intell. Paradigms,57
IEEE Trans. Inf. Theory,57
Geo spatial Inf. Sci.,57
IEEE Trans. Computational Imaging,57
Telecommun. Syst.,57
Int. J. Ad Hoc Ubiquitous Comput.,56
IET Comput. Vis.,56
IEEE Trans. Evol. Comput.,56
J. Aerosp. Inf. Syst.,56
J. Mobile Multimedia,56
J. Internet Serv. Inf. Secur.,56
Stat. Anal. Data Min.,56
Prog. Artif. Intell.,56
Softw. Impacts,56
Int. J. Control,55
Integr. Comput. Aided Eng.,55
Nucleic Acids Res.,55
IEEE Trans. Intell. Veh.,54
Int. J. Artif. Intell. Educ.,54
Peer-to-Peer Netw. Appl.,54
J. Sens. Actuator Networks,54
Program. Comput. Softw.,54
ACM Trans. Archit. Code Optim.,53
EURASIP J. Audio Speech Music. Process.,53
Comput. Law Secur. Rev.,53
Biosyst.,53
Artif. Intell. Eng.,53
IEEE Trans. Affect. Comput.,53
Frontiers Appl. Math. Stat.,53
Int. J. Data Min. Model. Manag.,53
Int. J. Softw. Innov.,53
J. Artif. Intell. Soft Comput. Res.,53
Secur. Priv.,53
Commun. Assoc. Inf. Syst.,52
IEEE Trans. Syst. Man Cybern. Part C,51
Inf. Syst.,51
J. Assoc. Inf. Sci. Technol.,51
Robotics Comput. Integr. Manuf.,51
New Gener. Comput.,51
IEEE Internet Comput.,50
IEEE Consumer Electron. Mag.,50
Ingénierie des Systèmes d Inf.,50
Int. J. Sens. Networks,50
J. Comput. Neurosci.,50
Swarm Evol. Comput.,50
Parallel Comput.,50
Artif. Intell. Law,49
Adv. Robotics,49
Hum. Centric Intell. Syst.,49
J. Field Robotics,49
J. Bioinform. Comput. Biol.,49
J. Web Eng.,49
Comput. Educ.,48
Cyberpsychology Behav. Soc. Netw.,48
Comput. Stand. Interfaces,48
Comput. Graph. Forum,47
Autom. Softw. Eng.,47
IEEE Trans. Hum. Mach. Syst.,47
Int. J. Syst. Syst. Eng.,47
SIGART Newsl.,47
WIREs Data. Mining. Knowl. Discov.,47
Complex Syst.,46
Int. J. Biom.,46
Int. J. Intell. Inf. Technol.,46
J. Manag. Inf. Syst.,46
Technometrics,46
Simul.,46
Int. J. Data Warehous. Min.,45
IEICE Trans. Commun.,45
J. Interconnect. Networks,45
J. Inf. Hiding Multim. Signal Process.,45
Theor. Comput. Sci.,45
J. Theor. Appl. Electron. Commer. Res.,45
JOCN,45
Ethics Inf. Technol.,44
Adv. Artif. Neural Syst.,44
ACM Trans. Reconfigurable Technol. Syst.,44
IEEE Open J. Comput. Soc.,44
Int. J. Commun. Networks Inf. Secur.,44
J. Informetrics,44
J. Inf. Sci.,44
Telematics Informatics,44
Proc. Priv. Enhancing Technol.,44
XRDS,44
Data Technol. Appl.,43
Database J. Biol. Databases Curation,43
IEEE/ACM Trans. Netw.,43
IET Signal Process.,43
EAI Endorsed Trans. Energy Web,42
IEEE Softw.,42
IEEE Secur. Priv.,42
Proc. ACM Interact. Mob. Wearable Ubiquitous Technol.,42
Libr. Hi Tech,42
SIAM J. Math. Data Sci.,42
Log. J. IGPL,42
Data Sci. J.,41
Int. J. Electron. Secur. Digit. Forensics,41
Int. J. Bio Inspired Comput.,41
Int. J. Embed. Syst.,41
Int. J. Intell. Transp. Syst. Res.,41
Web Intell.,41
Ann. Math. Artif. Intell.,40
IEEE Veh. Technol. Mag.,40
Int. J. Big Data Intell.,40
INFORMS J. Comput.,40
J. Comput. Inf. Syst.,40
Int. J. Intell. Eng. Informatics,40
Int. J. Softw. Sci. Comput. Intell.,40
Vis. Comput. Ind. Biomed. Art,40
J. Syst. Sci. Complex.,40
Robotics,40
IEEE Trans. Inf. Technol. Biomed.,39
IEEE Embed. Syst. Lett.,39
J. Inf. Telecommun.,39
Pervasive Mob. Comput.,39
Oper. Res. Forum,39
Aust. J. Intell. Inf. Process. Syst.,38
Br. J. Educ. Technol.,38
Discov. Internet Things,38
IEEE Comput. Archit. Lett.,38
Int. J. Comput. Sci. Math.,38
Innov. Syst. Softw. Eng.,38
IEEE Computer Graphics and Applications,38
Int. J. Intell. Networks,38
J. Intell. Transp. Syst.,38
J. Comput. Assist. Learn.,38
J. Appl. Math. Comput.,38
Int. J. Inf. Comput. Secur.,38
J. Multim. Inf. Syst.,38
J. Networks,38
J. Robotics Netw. Artif. Life,38
Technol. Anal. Strateg. Manag.,38
Cybersecur.,37
Adv. Comput.,37
ACM Trans. Internet Techn.,37
Behav. Inf. Technol.,37
Comput. Inf. Sci.,37
Digit. Scholarsh. Humanit.,37
Int. J. Document Anal. Recognit.,37
Open Comput. Sci.,37
Sci. Eng. Ethics,37
Stat. Comput.,37
J. Softw. Evol. Process.,37
World Wide Web,37
Ann. des Télécommunications,36
EURASIP J. Image Video Process.,36
IBM J. Res. Dev.,36
Ind. Robot,36
Genom. Proteom. Bioinform.,36
Int. J. Robotics Autom.,36
Int. J. Heal. Inf. Syst. Informatics,36
J. Comput. Inf. Technol.,36
Proc. ACM Hum. Comput. Interact.,36
Electron. Commer. Res.,35
IEEE Instrum. Meas. Mag.,35
Int. Trans. Oper. Res.,35
Int. J. Inf. Technol. Web Eng.,35
Int. J. Semantic Comput.,35
Int. J. Internet Protoc. Technol.,35
Int. J. Parallel Program.,35
Int. J. Netw. Virtual Organisations,35
Manag. Sci.,35
ACM Journal on Computing and Cultural Heritage,34
Comput. Chem.,34
Int. J. Account. Inf. Syst.,34
Int. J. Intell. Robotics Appl.,34
Int. J. Parallel Emergent Distributed Syst.,34
J. Commun.,34
Webology,34
Knowl. Eng. Data Sci.,34
Electron. Mark.,33
Comput. Softw. Big Sci.,33
ACM Trans. Graph.,33
ACM SIGSOFT Softw. Eng. Notes,33
Comput. Aided Des.,33
Adapt. Behav.,33
IEEE Data Eng. Bull.,33
Fundam. Informaticae,33
IEEE Expert,33
IEEE Trans. Syst. Man Cybern. Part A,33
J. Cybersecur. Priv.,33
J. Decis. Syst.,33
J. Electron. Test.,33
it Inf. Technol.,33
Quant. Biol.,33
Quantum,33
SIGMOD Rec.,33
World Wide Web (WWW),33
Digit. Investig.,32
Bus. Inf. Syst. Eng.,32
Distributed Parallel Databases,32
Electron. Libr.,32
IEEE Trans. Broadcast.,32
IET Biom.,32
J. Inf. Process.,32
Int. J. Semantic Web Inf. Syst.,32
Intelligenza Artificiale,32
ACM Trans. Manag. Inf. Syst.,31
Cogn. Sci.,31
First Monday,31
Comput. Stat.,31
IEEE Trans. Learn. Technol.,31
IET Softw.,31
Inf. Syst. Res.,31
J. Comput. Virol. Hacking Tech.,31
Int. J. Inf. Technol. Manag.,31
J. Integr. Bioinform.,31
J. VLSI Signal Process.,31
Bio Algorithms Med Syst.,30
ACM Trans. Comput. Heal.,30
Adv. Comput. Math.,30
Autom. Remote. Control.,30
IEEE Technol. Soc. Mag.,30
IEEE Multim.,30
IEEE Trans. Sustain. Comput.,30
IEEE Trans. Speech Audio Process.,30
Int. J. Artif. Intell. Soft Comput.,30
IEEE Trans. Games,30
Int. J. Auton. Adapt. Commun. Syst.,30
J. Inf. Technol. Constr.,30
Int. J. Inf. Syst. Model. Des.,30
Int. J. Inf. Secur. Priv.,30
Int. J. Inf. Decis. Sci.,30
Int. J. Hum. Comput. Stud.,30
Int. J. Gen. Syst.,30
Softw. Qual. J.,30
Balt. J. Mod. Comput.,29
Comput. Sci. Eng.,29
Comput. Stat. Data Anal.,29
ACM J. Data Inf. Qual.,29
IEEE Intell. Transp. Syst. Mag.,29
Int. J. Comput. Intell. Stud.,29
IACR Trans. Cryptogr. Hardw. Embed. Syst.,29
Int. J. Autom. Control.,29
Int. J. Netw. Manag.,29
J. Ambient Intell. Smart Environ.,29
J. Knowl. Manag.,29
VLDB J.,29
Proc. ACM Program. Lang.,29
Vietnam. J. Comput. Sci.,29
Kybernetika,29
Electron. Commer. Res. Appl.,28
HMD Prax. Wirtsch.,28
Genet. Program. Evolvable Mach.,28
Int. J. Autom. Technol.,28
Int. J. Secur. Networks,28
Int. J. Multim. Inf. Retr.,28
Int. J. Swarm Intell. Res.,28
J. Commun. Networks,28
Multidimens. Syst. Signal Process.,28
Adv. Model. Simul. Eng. Sci.,27
ACM Trans. Inf. Syst.,27
Appl. Math. Lett.,27
Adv. Data Sci. Adapt. Anal.,27
AI Matters,27
Int. J. Distributed Syst. Technol.,27
Inf. Syst. E Bus. Manag.,27
J. Cases Inf. Technol.,27
Int. J. Grid High Perform. Comput.,27
Smart Learn. Environ.,27
Serv. Oriented Comput. Appl.,27
J. Robotics,27
Sci. China Ser. F Inf. Sci.,27
J. Reliab. Intell. Environ.,27
Eur. J. Control,26
Int. J. Cloud Comput.,26
Informatica,26
Inf. Technol. People,26
J. Comb. Optim.,26
J. Cogn. Neurosci.,26
Int. J. Online Eng.,26
J. Math. Imaging Vis.,26
J. Database Manag.,26
Sci. Comput. Program.,26
Comput. Sci.,25
Appl. Comput. Syst.,25
Int. J. E Health Medical Commun.,25
IEEE Robotics Autom. Mag.,25
IEEE Trans. Green Commun. Netw.,25
Int. J. Appl. Decis. Sci.,25
Int. J. Ambient Comput. Intell.,25
J. Cyber Secur. Mobil.,25
J. Heal. Informatics Res.,25
Int. J. Organ. Collect. Intell.,25
Int. J. Inf. Retr. Res.,25
Proc. Natl. Acad. Sci. USA,25
Proc. ACM Manag. Data,25
Memetic Comput.,25
CCF Trans. High Perform. Comput.,24
Comput. Sci. J. Moldova,24
Commun. Stat. Simul. Comput.,24
Inf. Res.,24
IEEE Netw. Lett.,24
J. Multiple Valued Log. Soft Comput.,24
J. Commun. Inf. Networks,24
J. Inf. Technol. Res.,24
Int. J. Inf. Commun. Technol. Educ.,24
Oper. Res.,24
New Media Soc.,24
EAI Endorsed Trans. e Learn.,23
Digit.,23
IEEE Trans. Circuits Syst.,23
Int. J. Comput. Sci. Sport,23
Int. J. Decis. Support Syst. Technol.,23
Int. J. Comput. Aided Eng. Technol.,23
IET Inf. Secur.,23
Int. J. Netw. Secur.,23
Int. J. Manuf. Res.,23
J. Inf. Technol. Tour.,23
Int. J. Intell. Inf. Database Syst.,23
Microprocess. Microprogramming,23
RITA,23
SIGMETRICS Perform. Evaluation Rev.,23
Ubiquity,23
Ann. GIS,22
EURASIP J. Inf. Secur.,22
Concurr. Eng. Res. Appl.,22
Int. J. Biomed. Imaging,22
GeoInformatica,22
IEICE Trans. Electron.,22
IEEE Trans. Signal Inf. Process. over Networks,22
Int. J. Digit. Crime Forensics,22
J. Comput. Syst. Sci.,22
Int. J. Web Eng. Technol.,22
J. Braz. Comput. Soc.,22
Int. J. Manuf. Technol. Manag.,22
J. Comput. Graph. Stat.,22
Intell. Serv. Robotics,22
J. Comput. Sci. Eng.,22
Int. J. Law Inf. Technol.,22
J. Vis.,22
Multimodal Technol. Interact.,22
Veh. Commun.,22
Adv. Multim.,21
EAI Endorsed Trans. Ind. Networks Intell. Syst.,21
Inf. Technol. Manag.,21
Inform. Spektrum,21
IEEE Trans. Educ.,21
Int. J. Wirel. Inf. Networks,21
Int. J. Web Based Communities,21
Proces. del Leng. Natural,21
SIGART Bull.,21
ACM Trans. Interact. Intell. Syst.,20
Digit. Soc.,20
Data Sci. Eng.,20
Data Intell.,20
Int. J. Comput. Biol. Drug Des.,20
Inf. Serv. Use,20
Inf. Process. Lett.,20
Int. J. Agric. Environ. Inf. Syst.,20
IEEE J. Sel. Areas Inf. Theory,20
Int. J. High Perform. Comput. Appl.,20
J. High Speed Networks,20
J. Complex.,20
Semantic Web,20
Mechatron. Syst. Control.,20
SIAM J. Imaging Sci.,20
Sci. Robotics,20
Wirtschaftsinformatik Manag.,20
EPJ Data Sci.,19
Comput. Appl. Biosci.,19
Comput. Linguistics,19
ACM Trans. Sens. Networks,19
Eng. Lett.,19
Artif. Life,19
Cogn. Comput. Syst.,19
IET Networks,19
IEEE Cloud Comput.,19
Int. J. Cooperative Inf. Syst.,19
Int. J. Commun. Networks Distributed Syst.,19
Inf. Syst. Manag.,19
Int. J. Crit. Infrastructures,19
Int. J. Crit. Infrastructure Prot.,19
Inf. Secur. J. A Glob. Perspect.,19
Int. J. Comput. Sci. Appl.,19
IEEE Trans. Robotics,19
J. Inf. Technol.,19
Int. J. Sociotechnology Knowl. Dev.,19
Int. J. Pervasive Comput. Commun.,19
Int. J. Mob. Comput. Multim. Commun.,19
J. Am. Soc. Inf. Sci.,19
Int. J. Humanoid Robotics,19
Nat. Lang. Eng.,19
Rev. Socionetwork Strateg.,19
MIS Q.,19
Datenschutz und Datensicherheit,18
Comput. Animat. Virtual Worlds,18
Egypt. Comput. Sci. J.,18
CLEI Electron. J.,18
IEEE Trans. Robotics Autom.,18
Informatics Educ.,18
Int. J. Appl. Evol. Comput.,18
Int. J. Appl. Metaheuristic Comput.,18
J. Comput. Networks Commun.,18
J. Geogr. Syst.,18
ISC Int. J. Inf. Secur.,18
J. Inform. and Commun. Convergence Engineering,18
Microelectron. Reliab.,18
Optim. Methods Softw.,18
Digit. Humanit. Q.,17
Digit. Gov. Res. Pract.,17
Commun. Inf. Syst.,17
Comput. Manag. Sci.,17
Adv. Artif. Intell.,17
IEEE Open J. Circuits Syst.,17
Inf. Resour. Manag. J.,17
Int. J. Robotics Res.,17
Internet Res.,17
Int. J. Eng. Pedagog.,17
Interactions,17
Int. J. Inf. Syst. Supply Chain Manag.,17
J. Digit. Inf. Manag.,17
Int. J. Open Source Softw. Process.,17
J. Control. Decis.,17
J. Educ. Technol. Soc.,17
SIAM J. Appl. Dyn. Syst.,17
Nat. Comput.,17
Network,17
J. Optim. Theory Appl.,17
Multiagent Grid Syst.,17
DTRAP,16
Ann. UMCS Informatica,16
Data Inf. Manag.,16
Artif. Intell. Res.,16
IEEE Trans. Circuits Syst. Artif. Intell.,16
Int. J. Bus. Intell. Res.,16
IEEE Trans. Netw.,16
Hum. centric Comput. Inf. Sci.,16
Int. J. Artif. Intell. Mach. Learn.,16
Int. J. Inf. Syst. Serv. Sect.,16
Int. J. Networked Distributed Comput.,16
Int. J. Web Inf. Syst.,16
Int. J. Web Serv. Res.,16
Int. J. Serv. Sci. Manag. Eng. Technol.,16
Softw. Syst. Model.,16
Technol. Knowl. Learn.,16
Syst. Control. Lett.,16
Netw. Secur.,16
Virtual Real.,16
Period. Polytech. Electr. Eng. Comput. Sci.,16
RAIRO Oper. Res.,16
Rev. Iberoam. de Tecnol. del Aprendiz.,16
Australas. J. Inf. Syst.,15
BMC Syst. Biol.,15
Auton. Robots,15
ACM SIGOPS Oper. Syst. Rev.,15
ACM Trans. Spatial Algorithms Syst.,15
Datenbank-Spektrum,15
Digit. Libr. Perspect.,15
Adv. Data Anal. Classif.,15
Frontiers Commun. Networks,15
Int. J. Electron. Heal.,15
Int. J. Comput. Vis. Image Process.,15
Int. J. Appl. Pattern Recognit.,15
J. ICT Stand.,15
J. Convergence Inf. Technol.,15
J. Assoc. Inf. Syst.,15
Int. J. Soc. Robotics,15
J. Glob. Optim.,15
J. Uncertain Syst.,15
Proc. ACM Meas. Anal. Comput. Syst.,15
SIGIR Forum,15
SIGCAS Comput. Soc.,15
User Model. User Adapt. Interact.,15
Trans. Large Scale Data Knowl. Centered Syst.,15
Mark. Sci.,15
Supercomput. Front. Innov.,15
J. Opt. Commun. Netw.,15
ACM Trans. Cyber Phys. Syst.,14
EAI Endorsed Trans. Creative Technol.,14
ACM SIGCSE Bull.,14
ACM Trans. Comput. Hum. Interact.,14
Control. Intell. Syst.,14
Comput. und Recht,14
IEEE Trans. Biom. Behav. Identity Sci.,14
IFAC J. Syst. Control.,14
Int. J. Softw. Tools Technol. Transf.,14
J. Internet Serv. Appl.,14
Int. J. Man Mach. Stud.,14
Intell. Converged Networks,14
J. Comput. Secur.,14
Int. J. High Perform. Syst. Archit.,14
Softw. Test. Verification Reliab.,14
MIS Q. Executive,14
Learn. Publ.,14
Simul. Notes Eur.,14
Proc. ACM Softw. Eng.,14
Nat. Lang. Process. J.,14
Pac. Asia J. Assoc. Inf. Syst.,14
Parallel Process. Lett.,14
Univers. Access Inf. Soc.,14
SIAM Rev.,14
Ad Hoc Sens. Wirel. Networks,13
Adv. Fuzzy Syst.,13
AI Open,13
Comput. Vis. Media,13
EAI Endorsed Trans. Security Safety,13
Des. Autom. Embed. Syst.,13
ACM Queue,13
Decis. Sci.,13
Appl. Clin. Inform.,13
Aslib J. Inf. Manag.,13
Cryptogr.,13
ACM Trans. Priv. Secur.,13
Inf. Polity,13
IEEE Commun. Stand. Mag.,13
Frontiers Res. Metrics Anal.,13
IET Wirel. Sens. Syst.,13
Graph. Model.,13
ICCA J.,13
Int. J. Comput. Syst. Signals,13
IET Cyper-Phys. Syst.: Theory & Appl.,13
J. Cryptogr. Eng.,13
Int. J. Softw. Informatics,13
J. Inf. Commun. Ethics Soc.,13
Int. J. Knowl. Eng. Data Min.,13
J. Appl. Log.,13
J. Inf. Data Manag.,13
Int. J. Rough Sets Data Anal.,13
Int. J. Syst. Dyn. Appl.,13
Vis. Informatics,13
Perform. Evaluation,13
Mach. Intell. Res.,13
J. Soc. Comput.,13
Trans. Rough Sets,13
J. Softw. Eng. Appl.,13
Trans. Data Sci.,13
Proc. ACM Comput. Graph. Interact. Tech.,13
Paladyn J. Behav. Robotics,13
Softwaretechnik-Trends,13
EAI Endorsed Trans. Context aware Syst. Appl.,12
ACM SIGSPATIAL Special,12
ACM Trans. Web,12
Evol. Comput.,12
ACM Trans. Comput. Educ.,12
Brain Connect.,12
Auton. Intell. Syst.,12
IEEE Ann. Hist. Comput.,12
IEEE Intell. Informatics Bull.,12
IMA J. Math. Control. Inf.,12
Int. J. Strateg. Decis. Sci.,12
Int. J. High Perform. Comput. Netw.,12
J. Multim.,12
J. Inf. Syst.,12
J. Autom. Mob. Robotics Intell. Syst.,12
Int. J. Nat. Comput. Res.,12
Transp. Sci.,12
Wirtschaftsinf.,12
Res. Pract. Technol. Enhanc. Learn.,12
Optim. Lett.,12
Nano Commun. Networks,12
Unmanned Syst.,12
South Afr. Comput. J.,12
Lang. Resour. Evaluation,12
Comput. Humanit.,11
Digit. Appl. Archaeol. Cult. Heritage,11
AStA Wirtschafts und Sozialstatistisches Arch.,11
Annu. Rev. Control.,11
Int. J. Bus. Process. Integr. Manag.,11
Int. J. Comput. Their Appl.,11
Int. J. Cloud Appl. Comput.,11
IET Circuits Devices Syst.,11
Inf. Soc.,11
IET Comput. Digit. Tech.,11
Int. J. Multim. Data Eng. Manag.,11
Int. J. Inf. Syst. Soc. Chang.,11
J. Learn. Anal.,11
Int. J. Web Grid Serv.,11
Interact. Technol. Smart Educ.,11
J. Nonlinear Sci.,11
J. Biomed. Semant.,11
J. Documentation,11
Virtual Real. Intell. Hardw.,11
Real Time Syst.,11
Manuf. Serv. Oper. Manag.,11
SIAM J. Numer. Anal.,11
J. Vis. Lang. Comput.,11
J. Syst. Inf. Technol.,11
SIAM J. Appl. Math.,11
Eur. J. Inf. Syst.,10
Asia Pac. J. Oper. Res.,10
EAI Endorsed Trans. Cloud Syst.,10
Central Eur. J. Oper. Res.,10
Comput. Aided Geom. Des.,10
Comput. Artif. Intell.,10
FLAP,10
Comput. Math. Organ. Theory,10
IEEE Trans. Multi Scale Comput. Syst.,10
Int. J. Electron. Bus.,10
Found. Comput. Math.,10
Int. J. Arts Technol.,10
Int. J. Crowd Sci.,10
Found. Trends Mach. Learn.,10
Inroads,10
Int. J. Child Comput. Interact.,10
IEEE Trans. Control. Netw. Syst.,10
INFORMS J. Appl. Anal.,10
J. Artif. Soc. Soc. Simul.,10
Int. J. Technol. Hum. Interact.,10
Interfaces,10
Int. J. Simul. Process. Model.,10
J. Artif. Intell. Conscious.,10
Int. J. Inf. Acquis.,10
Internet Policy Rev.,10
J. Low Power Electron.,10
SIAM J. Optim.,10
SIAM/ASA J. Uncertain. Quantification,10
Online Soc. Networks Media,10
Online Inf. Rev.,10
J. Web Semant.,10
Synth.,10
New Math. Nat. Comput.,10
J. Ubiquitous Syst. Pervasive Networks,10
J. Strateg. Inf. Syst.,10
Theory Pract. Log. Program.,10
CCF Trans. Pervasive Comput. Interact.,9
Complex Syst. Informatics Model. Q.,9
ACM Trans. Auton. Adapt. Syst.,9
Appl. Netw. Sci.,9
ACM Trans. Model. Comput. Simul.,9
IET Quantum Commun.,9
Inf. Retr.,9
Hum. Factors,9
Found. Trends Signal Process.,9
Frontiers Virtual Real.,9
Int. J. Data Sci. Math. Sci.,9
J. Data-centric Mach. Learn. Res.,9
J. Intell. Learn. Syst. Appl.,9
J. Data Min. Digit. Humanit.,9
J. Hardw. Syst. Secur.,9
J. Comput. Lang.,9
Int. J. Enterp. Inf. Syst.,9
Int. J. Knowl. Eng. Soft Data Paradigms,9
Int. J. Knowl. Manag.,9
Int. J. Fuzzy Syst. Appl.,9
Int. J. Knowl. Syst. Sci.,9
Int. J. Oper. Res. Inf. Syst.,9
Int. J. Mob. Commun.,9
J. Approx. Theory,9
Int. J. Next Gener. Comput.,9
J. Zhejiang Univ. Sci. C,9
OR Spectr.,9
Sci. J. Riga Tech. Univ. Ser. Comput. Sci.,9
Math. Found. Comput.,9
Networks Heterog. Media,9
Trans. Recomm. Syst.,9
Trans. Mach. Learn. Data Min.,9
SIGARCH Comput. Archit. News,9
Trans. Comput. Sci.,9
Math. Program.,9
Multiscale Model. Simul.,9
R J.,9
Trans. Assoc. Comput. Linguistics,9
Eur. J. Law Technol.,8
Cyber Secur. Appl.,8
Comput. Music. J.,8
Electron. Gov. an Int. J.,8
ACM Trans. Internet Things,8
ACM Trans. Database Syst.,8
Int. J. Comput. Games Technol.,8
Int. J. Electron. Bus. Manag.,8
Int. J. Embed. Real Time Commun. Syst.,8
IEEE Trans. Acoust. Speech Signal Process.,8
Grey Syst. Theory Appl.,8
INFOR Inf. Syst. Oper. Res.,8
Int. J. E Bus. Res.,8
Int. J. Cyber Warf. Terror.,8
Int. J. Syst. Serv. Oriented Eng.,8
IPSJ Trans. Comput. Vis. Appl.,8
Int. J. Math. Math. Sci.,8
J. Data Semant.,8
J. Data Intell.,8
J. Data Inf. Sci.,8
J. Digit. Content Technol. its Appl.,8
Int. J. Interdiscip. Telecommun. Netw.,8
Int. J. Knowl. Based Organ.,8
Int. J. Gaming Comput. Mediat. Simulations,8
J. Multimodal User Interfaces,8
Int. J. Serv. Technol. Manag.,8
J. Complex Networks,8
Int. J. Recent Contributions Eng. Sci. IT,8
J. Classif.,8
Urban Inform.,8
Microprocessing and Microprogramming,8
J. Sci. Res.,8
Quantum Eng.,8
Quant. Sci. Stud.,8
Public Transp.,8
Forensic Sci. Int. Digit. Investig.,7
Datenbank Rundbr.,7
ACM Trans. Appl. Percept.,7
Electron. J. Inf. Syst. Dev. Ctries.,7
Discret. Appl. Math.,7
Adv. Hum. Comput. Interact.,7
Algorithmic Finance,7
Algorithms Mol. Biol.,7
Inf. Media Technol.,7
Int. J. Asian Bus. Inf. Manag.,7
IEEE Trans. Circuits Syst. I Fundam. Theory Appl.,7
IEEE Pervasive Comput.,7
Int. J. Big Data Intell. Appl.,7
IET Blockchain,7
Informing Sci. Int. J. an Emerg. Transdiscipl.,7
Inf. Comput.,7
Inf. Syst. J.,7
Inf. Vis.,7
Int. J. Technol. Manag.,7
Int. J. Mechatronics Autom.,7
Int. J. Netw. Comput.,7
J. Inf. Technol. Educ. Innov. Pract.,7
J. Inf. Technol. Educ. Res.,7
J. ICT Dev. Appl. Res.,7
Int. J. Learn. Technol.,7
Int. J. Learn. Anal. Artif. Intell. Educ.,7
Int. J. Knowl. Discov. Bioinform.,7
Int. J. Satell. Commun. Netw.,7
Int. J. Inf. Technol. Proj. Manag.,7
J. Interact. Syst.,7
Int. J. Found. Comput. Sci.,7
Internet High. Educ.,7
J. Libr. Inf. Sci.,7
J. Locat. Based Serv.,7
J. Medical Robotics Res.,7
SIGWEB Newsl.,7
J. Simulation,7
J. WSCG,7
WiPiEC Journal,7
J. Stat. Softw.,7
J. Organ. Comput. Electron. Commer.,7
Open J. Big Data,7
Prague Bull. Math. Linguistics,7
Revista Brasileira de Informática na Educ.,7
Comput. Optim. Appl.,6
ARIMA J.,6
4OR,6
ACM Trans. Comput. Syst.,6
Data Base,6
Adv. Bioinformatics,6
D Lib Mag.,6
e Informatica Softw. Eng. J.,6
Acta Cybern.,6
Int. J. Cyber Behav. Psychol. Learn.,6
Int. J. E Adopt.,6
GetMobile Mob. Comput. Commun.,6
Int. J. Adv. Comp. Techn.,6
Int. J. Adv. Media Commun.,6
Int. J. Electron. Gov. Res.,6
Int. J. Distance Educ. Technol.,6
Int. J. Digit. Libr.,6
Ind. Artif. Intell.,6
Int. J. Crit. Comput. Based Syst.,6
IEEE Trans. Auton. Ment. Dev.,6
Int. J. Artif. Life Res.,6
Intell.,6
Int. J. Math. Model. Numer. Optimisation,6
J. Digit. Forensics Secur. Law,6
Int. J. Mob. Learn. Organisation,6
Int. J. Strateg. Inf. Technol. Appl.,6
J. Adv. Eng. Comput.,6
J. Autom. Reason.,6
J. Log. Comput.,6
J. Control. Sci. Eng.,6
Int. J. Fog Comput.,6
Opt. Switch. Netw.,6
Polibits,6
Math. Oper. Res.,6
Numer. Algorithms,6
Russ. Digit. Libr. J.,6
Parallel Algorithms Appl.,6
SIAM J. Financial Math.,6
Silico Biol.,6
Trans. Comput. Collect. Intell.,6
Trans. Edutainment,6
World Sci. Annu. Rev. Artif. Intell.,6
Requir. Eng.,6
Discret. Math. Algorithms Appl.,5
Decis. Anal.,5
ACM Trans. Hum. Robot Interact.,5
Distributed Ledger Technol. Res. Pract.,5
Annu. Rev. Inf. Sci. Technol.,5
Annu. Rev. Control. Robotics Auton. Syst.,5
Elektrotech. Informationstechnik,5
AGIT Journal Angew. Geoinformatik,5
Electron. Commun. Eur. Assoc. Softw. Sci. Technol.,5
Cogn. Technol. Work.,5
Acta Numer.,5
EURASIP J. Embed. Syst.,5
ACM SIGACCESS Access. Comput.,5
Comput. Biomed. Res.,5
Comput. Commun. Rev.,5
ACM J. Comput. Sustain. Soc.,5
ACM Trans. Model. Perform. Evaluation Comput. Syst.,5
Comput. Math. Methods,5
Comput. Sci. Educ.,5
Comput. Support. Cooperative Work.,5
Formal Aspects Comput.,5
Frontiers Blockchain,5
Int. J. Digit. Curation,5
Inf. Technol. Dev.,5
Frontiers ICT,5
Frontiers Digit. Humanit.,5
Int. J. Comput. Process. Orient. Lang.,5
Int. J. Electron. Commer.,5
Inf. Organ.,5
INFORMS J. Optim.,5
Inf. Manag. Comput. Secur.,5
Frontiers Comput. Sci. China,5
Int. J. Digit. Multim. Broadcast.,5
IEEE Trans. Haptics,5
IBM Syst. J.,5
Hum. Comput. Interact.,5
IEEE Trans. Mol. Biol. Multi Scale Commun.,5
i-com,5
ICGA J.,5
J. Multivar. Anal.,5
Int. J. Secur. Priv. Pervasive Comput.,5
Int. J. Monit. Surveillance Technol. Res.,5
J. Bank. Financial Technol.,5
Int. J. RF Technol. Res. Appl.,5
Int. J. Soc. Comput. Cyber Phys. Syst.,5
J. ACM,5
Int. J. Metadata Semant. Ontologies,5
J. Comput. High. Educ.,5
Int. J. Green Comput.,5
Int. J. Manuf. Mater. Mech. Eng.,5
Int. J. Humanit. Arts Comput.,5
J. Log. Lang. Inf.,5
Int. J. Inf. Syst. Chang. Manag.,5
Int. J. Web Appl.,5
Scand. J. Inf. Syst.,5
J. Object Oriented Program.,5
Rev. Colomb. de Computación,5
Top. Cogn. Sci.,5
TFSS,5
Lit. Linguistic Comput.,5
Syst. Eng.,5
Swarm Intell.,5
Queueing Syst. Theory Appl.,5
Real Time Imaging,5
Trans. Data Priv.,5
Secur. Saf.,5
SIGACT News,5
Trans. Int. Soc. Music. Inf. Retr.,5
J. Rail Transp. Plan. Manag.,5
Oper. Res. Lett.,5
J. Smart Cities Soc.,5
Web Intell. Agent Syst.,5
ACM Trans. Quantum Comput.,4
Adv. Complex Syst.,4
Adv. Decis. Sci.,4
ACM Trans. Math. Softw.,4
Algorithmica,4
Concurr. Pract. Exp.,4
Appl. Ontology,4
Aust. Comput. J.,4
Encycl. Semantic Comput. Robotic Intell.,4
Electron. Notes Discret. Math.,4
Coll. Res. Libr.,4
Data Sci.,4
Educ. Inf.,4
Expert Syst. Appl. X,4
Complex Adapt. Syst. Model.,4
ACM Crossroads,4
Inf. Retr. J.,4
Inf. Comput. Secur.,4
Inf. Control.,4
Image Process. Line,4
Int. J. Adv. Pervasive Ubiquitous Comput.,4
Int. J. Adv. Oper. Manag.,4
Int. Arab. J. e Technol.,4
Int. J. Metaheuristics,4
Int. J. Math. Oper. Res.,4
J. Math. Model. Algorithms,4
Int. J. Granul. Comput. Rough Sets Intell. Syst.,4
Int. J. Knowl. Learn.,4
J. Heuristics,4
J. Integr. Des. Process. Sci.,4
Int. J. Unconv. Comput.,4
Int. J. Soc. Humanist. Comput.,4
J. Edge Comput.,4
Int. J. Wirel. Networks Broadband Technol.,4
Interact. Comput.,4
J. Aerosp. Comput. Inf. Commun.,4
Int. J. Synth. Emot.,4
J. Object Technol.,4
Oper. Res. Decis.,4
Model. Assist. Stat. Appl.,4
J. Res. Pract. Inf. Technol.,4
Monte Carlo Methods Appl.,4
Numerische Mathematik,4
J. Symb. Comput.,4
Networks,4
Photonic Netw. Commun.,4
Netw. Protoc. Algorithms,4
J. Spatial Inf. Sci.,4
Presence Teleoperators Virtual Environ.,4
Math. Comput. Sci.,4
SIAM J. Control. Optim.,4
Math. Control. Signals Syst.,4
SIAM J. Math. Anal.,4
login Usenix Mag.,4
Sci. Ann. Cuza Univ.,4
Scholarpedia,4
EURO J. Transp. Logist.,3
Enterp. Model. Inf. Syst. Archit.,3
EURO J. Comput. Optim.,3
EURASIP J. Bioinform. Syst. Biol.,3
Discret. Event Dyn. Syst.,3
Complex Syst. Model. Simul.,3
AIS Trans. Hum. Comput. Interact.,3
Cogn. Process.,3
Central Eur. J. Comput. Sci.,3
Comput. Educ. X Real.,3
Bull. EATCS,3
Bull. Comput. Data Sci.,3
BMC Genom.,3
Auton. Agents Multi Agent Syst.,3
Comput. Lang. Syst. Struct.,3
Arch. Formal Proofs,3
AKCE Int. J. Graphs Comb.,3
Constraints An Int. J.,3
Digit. Creativity,3
ACM Trans. Program. Lang. Syst.,3
ACM SIGCHI Bull.,3
ACM Trans. Parallel Comput.,3
ACM Trans. Evol. Learn. Optim.,3
ACM Trans. Asian Lang. Inf. Process.,3
ACM SIGMIS Database,3
Dagstuhl Artifacts Ser.,3
ACM Trans. Access. Comput.,3
Int. J. E Serv. Mob. Appl.,3
Games,3
Formal Methods Syst. Des.,3
Int. J. Comput. Support. Collab. Learn.,3
IACR Commun. Cryptol.,3
Fuzzy Optim. Decis. Mak.,3
Int. J. Artif. Intell. Robotics Res.,3
Int. J. Asian Lang. Process.,3
Int. J. Comput. Math. Comput. Syst. Theory,3
Int. J. Comput. Linguistics Chin. Lang. Process.,3
Int. J. Comput. Linguistics Appl.,3
Found. Trends Inf. Retr.,3
Int. J. E Entrepreneurship Innov.,3
Int. J. Bus. Data Commun. Netw.,3
Int. J. Adapt. Resilient Auton. Syst.,3
Int. J. Commun. Netw. Syst. Sci.,3
J. Lang. Model.,3
Int. J. Web Portals,3
J. Comput. Res. Dev.,3
Int. J. Inf. Technol. Commun. Convergence,3
J. Log. Algebraic Methods Program.,3
Int. J. Space Based Situated Comput.,3
J. Inf. Syst. Educ.,3
Int. J. Innov. Digit. Econ.,3
Int. J. Intell. Def. Support Syst.,3
Int. J. Technol. Diffusion,3
Intell. Inf. Manag.,3
J. Funct. Program.,3
J. Electron. Commer. Organ.,3
Int. J. Hum. Cap. Inf. Technol. Prof.,3
Int. J. High Speed Comput.,3
IPSJ Trans. Syst. LSI Des. Methodol.,3
J. Next Gener. Inf. Technol.,3
Int. J. Game Based Learn.,3
J. Artif. Gen. Intell.,3
J. Nat. Lang. Process.,3
Mach. Transl.,3
Libr. Trends,3
Quantum Inf. Comput.,3
Prod. Eng.,3
Process Sci.,3
LOG IN,3
SIGecom Exch.,3
Math. Methods Oper. Res.,3
Logist. Res.,3
J. Sched.,3
J. Quant. Linguistics,3
J. Priv. Confidentiality,3
Open J. Internet Things,3
Math. Comput.,3
Simul. Pract. Theory,3
JSIAM Lett.,3
Knowl. Acquis.,3
Lang. Linguistics Compass,3
J. Vis. Lang. Sentient Syst.,3
Bell Labs Tech. J.,2
ACM J. Educ. Resour. Comput.,2
CCF Trans. Netw.,2
Bull. IEEE Tech. Comm. Digit. Libr.,2
Braz. J. Inf. Syst.,2
ACM Trans. Storage,2
Ann. Softw. Eng.,2
ACIS Int. J. Comput. Inf. Sci.,2
Adv. Softw. Eng.,2
Eur. Trans. Telecommun.,2
Acta Informatica,2
Discret. Optim.,2
Commun. Netw.,2
Discret. Math.,2
Comput. Complex.,2
Comput. Sci. Res. Dev.,2
Dyn. Games Appl.,2
Comput. Entertain.,2
Comput. Networks ISDN Syst.,2
Comput. Geom.,2
Cryptologia,2
Int. J. Cyber Phys. Syst.,2
Int. J. Creative Interfaces Comput. Graph.,2
Int. J. Energy Optim. Eng.,2
INFORMS Trans. Educ.,2
IEEE Solid State Circuits Lett.,2
IEEE Trans. Comput. Intell. AI Games,2
IEEE Distributed Syst. Online,2
IEEE Concurr.,2
IEE Proc. Softw.,2
Hum. Comput.,2
IISE Trans.,2
Games Econ. Behav.,2
Inf. Secur. Tech. Rep.,2
Found. Trends Program. Lang.,2
Int. J. Adv. Corp. Learn.,2
Found. Trends Comput. Graph. Vis.,2
Int. J. Comput. Geom. Appl.,2
Int. J. Comput. Eng. Sci.,2
Int. J. Chemoinformatics Chem. Eng.,2
Int. J. Appl. Cryptogr.,2
Found. Trends Optim.,2
Int. J. Appl. Geospat. Res.,2
Int. J. Appl. Logist.,2
J. Appl. Probab.,2
J. Comput. Virol.,2
Int. J. Ultra Wideband Commun. Syst.,2
Int. J. Intell. Inf. Process.,2
J. Chin. Lang. Comput.,2
Int. J. Virtual Pers. Learn. Environ.,2
J. Community Informatics,2
J. Netw. Intell.,2
J. Comput. Mediat. Commun.,2
J. Comput. Phys. X,2
J. Membr. Comput.,2
Int. J. Web Sci.,2
Int. J. Inf. Process. Manag.,2
Int. J. Inf. Priv. Secur. Integr.,2
Int. J. Inf. Commun. Technol. Hum. Dev.,2
Int. J. Smart Educ. Urban Soc.,2
Int. J. Spatial Data Infrastructures Res.,2
Int. J. Online Mark.,2
J. Data Sci. Stat. Vis.,2
Int. J. Soc. Organ. Dyn. IT,2
J. Inf. Technol. Manag.,2
J. Cybersecur.,2
Int. J. Technoethics,2
J. Cryptol.,2
J. Innov. Digit. Ecosyst.,2
Int. J. Reconfigurable Comput.,2
Int. J. Serious Games,2
SIAM J. Discret. Math.,2
Micromachines,2
Smart Comput. Rev.,2
SICS Softw.-Intensive Cyber Phys. Syst.,2
Source Code Biol. Medicine,2
POLIBITS,2
Trans. Mass Data Anal. Images Signals,2
Reliab. Comput.,2
Sci. Iran.,2
Numer. Linear Algebra Appl.,2
Vis. Intell.,2
Open J. Databases,2
VLSI Design,2
Soc. Networks,2
SIAM J. Comput.,2
Softw. Eng. J.,2
J. Percept. Imaging,2
SIAM J. Appl. Algebra Geom.,2
World Digit. Libr.,2
Zeitschrift für Bibliothekswesen und Bibliographie (ZfBB),2
Theory Biosci.,2
Monde des Util. Anal. Données,2
RAIRO Theor. Informatics Appl.,2
Netw. Commun. Technol.,2
Math. Struct. Comput. Sci.,2
Public Libr. Q.,2
Logica Universalis,2
Publ.,2
SIGSAM Bull.,2
Cryptogr. Commun.,1
ACM Trans. Inf. Syst. Secur.,1
Distributed Comput.,1
ACM Trans. Speech Lang. Process.,1
Adv. Appl. Math.,1
Acta Informatica Pragensia,1
Comput. Vis. Graph. Image Process.,1
e Minds Int. J. Hum. Comput. Interact.,1
CVGIP Graph. Model. Image Process.,1
ACM SIGPLAN Notices,1
ACM SIGMOBILE Mob. Comput. Commun. Rev.,1
Exp. Math.,1
Dagstuhl Manifestos,1
ACM SIGLOG News,1
Data Qual.,1
Field Robotics,1
ACM SIGAPL APL Quote Quad,1
Datenschutz und Datensicherheit (dud),1
ACM Commun. Comput. Algebra,1
Digit. Threat. Res. Pract.,1
EAI Endorsed Trans. Future Intell. Educ. Environ.,1
Circuits Syst.,1
eLearn Mag.,1
Chic. J. Theor. Comput. Sci.,1
Commun. Res.,1
Bull. Symb. Log.,1
EAI Endorsed Trans. Self Adapt. Syst.,1
Comput. Games J.,1
EAI Endorsed Trans. Mob. Commun. Appl.,1
Electron. Trans. Artif. Intell.,1
Elektron. Rechenanlagen,1
EMISA Forum,1
Adv. Inf. Sci. Serv. Sci.,1
Comput. Graph. X,1
Aslib Proc.,1
Art Sci. Eng. Program.,1
Argument Comput.,1
Comput. Methods Appl. Math.,1
Appl. Categorical Struct.,1
Angew. Inform.,1
Am. J. Comput. Math.,1
EAI Endorsed Trans. Ambient Syst.,1
Adv. Oper. Res.,1
Adv. Numer. Anal.,1
Glottometrics,1
Formaliz. Math.,1
IEEE Parallel Distributed Technol. Syst. Appl.,1
IEEE Database Eng. Bull.,1
Found. Trends Electron. Des. Autom.,1
Game Stud.,1
Found. Trends Robotics,1
Found. Trends Hum. Comput. Interact.,1
Int. J. Digit. EVid.,1
Found. Trends Priv. Secur.,1
Found. Trends Netw.,1
Inform. Forsch. Entwickl.,1
Int. J. Comput. Sci. Educ. Sch.,1
Int. J. Concept. Struct. Smart Appl.,1
Int. J. Algebra Comput.,1
Int. J. Agent Technol. Syst.,1
Int. J. Cyber Ethics Educ.,1
Int. J. Agent Oriented Softw. Eng.,1
Int. J. 3 D Inf. Model.,1
Informationstechnik Tech. Inform.,1
IEEE Trans. Prof. Commun.,1
Inf. Wiss. Prax.,1
Inf. Manag. Comput. Security,1
Inf. Knowl. Syst. Manag.,1
IGTR,1
Int. J. Comput. Simul.,1
IEEE Trans. Syst. Sci. Cybern.,1
Int. J. Digit. Libr. Syst.,1
Int. J. Digit. Lit. Digit. Competence,1
J. Media Psychol. Theor. Methods Appl.,1
J. Electron. Publ.,1
Int. J. Signs Semiot. Syst.,1
Int. J. Nanotechnol. Mol. Comput.,1
Int. J. Multim. Intell. Secur.,1
J. Electron. Commer. Res.,1
J. Econ. Theory,1
J. Appl. Comput. Topol.,1
J. Clin. Bioinform.,1
Int. J. Shape Model.,1
Int. J. Serv. Stand.,1
J. Cell. Autom.,1
Int. J. Funct. Informatics Pers. Medicine,1
J. Graph Algorithms Appl.,1
J. Funct. Log. Program.,1
J. Numer. Cogn.,1
J. Lang. Technol. Comput. Linguistics,1
Int. J. Technol. Educ. Mark.,1
J. Geogr. Inf. Syst.,1
J. Integer Seq.,1
Int. J. Virtual Communities Soc. Netw.,1
Int. J. Interact. Commun. Syst. Technol.,1
Int. J. Intell. Mechatronics Robotics,1
Int. J. Knowl. Soc. Res.,1
Int. J. Intell. Games Simul.,1
Int. J. Virtual Real.,1
J. Math. Model. Algorithms Oper. Res.,1
J. Inf. Technol. Educ. Discuss. Cases,1
J. Inf. Technol. Educ.,1
Int. J. Soc. Netw. Min.,1
Int. J. Soc. Media Interact. Learn. Environ.,1
Int. J. Trust. Manag. Comput. Commun.,1
Int. J. Mob. Blended Learn.,1
J. Inf. Law Technol.,1
Int. J. Mob. Hum. Comput. Interact.,1
Random Struct. Algorithms,1
Kognitionswissenschaft,1
J. Web Sci.,1
J. Symb. Log.,1
Wirel. Sens. Netw.,1
Log. Methods Comput. Sci.,1
TGDK,1
OR Insight,1
J. Serv. Sci. Res.,1
PACMNET,1
Math. Comput. For. Nat. Resour. Sci.,1
J. Telecommun. High Technol. Law,1
Softw. Concepts Tools,1
OCLC Syst. Serv.,1
J. Philos. Log.,1
Open J. Semantic Web,1
Secur. Informatics,1
Risk Decis. Anal.,1
Open J. Cloud Comput.,1
Stud. Inform. Univ.,1
Linguamática,1
Math. Model. Anal.,1
Space Commun.,1
Netw. Sci.,1
Trans. Data Hiding Multim. Secur.,1
SIGBED Rev.,1
Spatial Cogn. Comput.,1
Schedae Informaticae,1
Trans. Fuzzy Sets Syst.,1
J. Softw. Maintenance Res. Pract.,1
J. Softw. Eng. Res. Dev.,1
Trait. Autom. des Langues,1
Prax. Inf.verarb. Kommun.,1
Theory Comput. Syst.,1
Virtual Worlds,1
Trans. SDPS,1
Phonetica,1
TheoretiCS,1
New Rev. Hypermedia Multim.,1
Nord. J. Comput.,1
SIAM J. Matrix Anal. Appl.,1
Proc. Meet. Acoust.,1
Rev. Symb. Log.,1
Parallel Distributed Comput. Pract.,1
Res. Dir. Cyber Phys. Syst.,1
Trans. Comp. Sys. Biology,1
LDV Forum,1
